ticker,raw_ticker,exchange_source,company_name_source,Security Name
,,NASDAQ,Nano Labs Ltd,Nano Labs Ltd - Class A Ordinary Shares
A,A,NYSE,"Agilent Technologies, Inc. Common Stock","Agilent Technologies, Inc. Common Stock"
AA,AA,NYSE,Alcoa Corporation Common Stock ,Alcoa Corporation Common Stock 
AACI,AACI,NASDAQ,Armada Acquisition Corp. III,Armada Acquisition Corp. III - Class A Ordinary Share
AACO,AACO,NASDAQ,Abony Acquisition Corp. I,Abony Acquisition Corp. I - Class A Ordinary Share
AAL,AAL,NASDAQ,"American Airlines Group, Inc.","American Airlines Group, Inc. - Common Stock"
AAMI,AAMI,NYSE,Acadian Asset Management Inc. Common Stock,Acadian Asset Management Inc. Common Stock
AAOI,AAOI,NASDAQ,"Applied Optoelectronics, Inc.","Applied Optoelectronics, Inc. - Common Stock"
AAON,AAON,NASDAQ,"AAON, Inc.","AAON, Inc. - Common Stock"
AAP,AAP,NYSE,Advance Auto Parts Inc.,Advance Auto Parts Inc.
